intitule,lien_postuler
Acousticien / Acousticienne BTP,https://candidat.pole-emploi.fr/offres/recherche/detail/153SRNZ
Administrateur / Administratrice de bases de données,https://candidat.pole-emploi.fr/offres/recherche/detail/153KLSC
Administratreur(trice) système & réseaux information et com.,https://candidat.pole-emploi.fr/offres/recherche/detail/153KDCQ
Agent / Agente comptable d'établissement public -EPSCP-,https://candidat.pole-emploi.fr/offres/recherche/detail/151PYBG
Agent / Agente d'exploitation du réseau ferré,https://candidat.pole-emploi.fr/offres/recherche/detail/153DCGR
Agent / Agente d'opérations manuelles,https://candidat.pole-emploi.fr/offres/recherche/detail/153XPCQ
Agent / Agente de conditionnement et de manutention,https://candidat.pole-emploi.fr/offres/recherche/detail/153WFKP
Agent / Agente de déchetterie,https://candidat.pole-emploi.fr/offres/recherche/detail/153DLGW
Agent / Agente de laboratoire d'analyse industrielle,https://candidat.pole-emploi.fr/offres/recherche/detail/153NVFV
Agent / Agente de recouvrement du Trésor,https://candidat.pole-emploi.fr/offres/recherche/detail/153CWWW
Agent / Agente de sécurité magasin,https://candidat.pole-emploi.fr/offres/recherche/detail/152WRCG
Agent / Agente de transit,https://candidat.pole-emploi.fr/offres/recherche/detail/153DSKL
Agent commercial / Agente commerciale en assurances,https://candidat.pole-emploi.fr/offres/recherche/detail/153TRCD
Agent commercial / Agente commerciale en immobilier,https://candidat.pole-emploi.fr/offres/recherche/detail/152ZSLD
Agent technique automaticien/Agente technique automaticienne,https://candidat.pole-emploi.fr/offres/recherche/detail/153QCGM
Aide conducteur / conductrice de machines d'impression,https://candidat.pole-emploi.fr/offres/recherche/detail/153CYMJ
Aide conducteur / conductrice de machines à papier ou carton,https://candidat.pole-emploi.fr/offres/recherche/detail/151ZNSX
Aide ménager / ménagère à domicile,https://candidat.pole-emploi.fr/offres/recherche/detail/153RFNF
Aide ménager / ménagère à domicile,https://candidat.pole-emploi.fr/offres/recherche/detail/153PSTN
Aide ménager / ménagère à domicile,https://candidat.pole-emploi.fr/offres/recherche/detail/153NFJT
Aide ménager / ménagère à domicile,https://candidat.pole-emploi.fr/offres/recherche/detail/153MPSY
Aide ménager / ménagère à domicile,https://candidat.pole-emploi.fr/offres/recherche/detail/153JLSC
Aide ménager / ménagère à domicile,https://candidat.pole-emploi.fr/offres/recherche/detail/146VWFG
Aide ménager / ménagère à domicile,https://candidat.pole-emploi.fr/offres/recherche/detail/153FTLF
Aide ménager / ménagère à domicile,https://candidat.pole-emploi.fr/offres/recherche/detail/147CZHL
Aide ménager / ménagère à domicile,https://candidat.pole-emploi.fr/offres/recherche/detail/147VTMG
Aide poseur / poseuse de menuiseries,https://candidat.pole-emploi.fr/offres/recherche/detail/150HDNS
Aide à domicile,https://candidat.pole-emploi.fr/offres/recherche/detail/153FHSF
Aide à domicile,https://candidat.pole-emploi.fr/offres/recherche/detail/152XXMK
Aide à domicile,https://candidat.pole-emploi.fr/offres/recherche/detail/152NJCT
Aide-boucher / Aide-bouchère,https://candidat.pole-emploi.fr/offres/recherche/detail/150VBQX
Aide-boucher / Aide-bouchère,https://candidat.pole-emploi.fr/offres/recherche/detail/150VMWJ
Aide-déménageur / Aide-déménageuse,https://candidat.pole-emploi.fr/offres/recherche/detail/153FVJZ
Aide-préparateur / Aide-préparatrice en pharmacie,https://candidat.pole-emploi.fr/offres/recherche/detail/153RGCX
Aide-soignant / Aide-soignante,https://candidat.pole-emploi.fr/offres/recherche/detail/152VWWL
Aide-soignant / Aide-soignante,https://candidat.pole-emploi.fr/offres/recherche/detail/153MNBC
Aide-soignant / Aide-soignante en gériatrie,https://candidat.pole-emploi.fr/offres/recherche/detail/153BNDG
Ajusteur-monteur / Ajusteuse-monteuse de fabrication,https://candidat.pole-emploi.fr/offres/recherche/detail/152VXTJ
Animateur commercial / Animatrice commerciale,https://candidat.pole-emploi.fr/offres/recherche/detail/153DSNL
Architecte système d'information,https://candidat.pole-emploi.fr/offres/recherche/detail/153SFTW
Assembleur / Assembleuse en armatures métalliques,https://candidat.pole-emploi.fr/offres/recherche/detail/151YSXH
Assembleur monteur / Assembleuse monteuse,https://candidat.pole-emploi.fr/offres/recherche/detail/153DSGR
Assembleur monteur / Assembleuse monteuse,https://candidat.pole-emploi.fr/offres/recherche/detail/153NMVK
Assembleur monteur / Assembleuse monteuse,https://candidat.pole-emploi.fr/offres/recherche/detail/153MSVZ
Assistant / Assistante accueil petite enfance,https://candidat.pole-emploi.fr/offres/recherche/detail/153DMYP
Assistant / Assistante achat,https://candidat.pole-emploi.fr/offres/recherche/detail/153DQYB
Assistant / Assistante achat,https://candidat.pole-emploi.fr/offres/recherche/detail/152PPSQ
Assistant / Assistante comptable,https://candidat.pole-emploi.fr/offres/recherche/detail/151PZGW
Assistant / Assistante de gestion administrative,https://candidat.pole-emploi.fr/offres/recherche/detail/153TVMT
Assistant / Assistante de gestion administrative,https://candidat.pole-emploi.fr/offres/recherche/detail/153CDJS
Assistant / Assistante de gestion du personnel,https://candidat.pole-emploi.fr/offres/recherche/detail/153JFVG
Assistant / Assistante de vente automobile,https://candidat.pole-emploi.fr/offres/recherche/detail/151RJDY
Assistant / Assistante de vie,https://candidat.pole-emploi.fr/offres/recherche/detail/153MPNV
Assistant / Assistante de vie,https://candidat.pole-emploi.fr/offres/recherche/detail/153MNYM
Assistant / Assistante de vie auprès de personnes âgées,https://candidat.pole-emploi.fr/offres/recherche/detail/153JQZH
Assistant / Assistante manager en restauration,https://candidat.pole-emploi.fr/offres/recherche/detail/153JGNV
Assistant commercial / Assistante commerciale,https://candidat.pole-emploi.fr/offres/recherche/detail/152BBKB
Assistant commercial / Assistante commerciale,https://candidat.pole-emploi.fr/offres/recherche/detail/153PZPC
Assistant/Assistante de gestion administrative du personnel,https://candidat.pole-emploi.fr/offres/recherche/detail/153GNRL
Assistant/Assistante de vie auprès de personnes handicapées,https://candidat.pole-emploi.fr/offres/recherche/detail/153MPZM
Assistant/Assistante de vie auprès de personnes handicapées,https://candidat.pole-emploi.fr/offres/recherche/detail/153MQFZ
Attaché(e) commercial(e) bancaire financements spécialisés,https://candidat.pole-emploi.fr/offres/recherche/detail/153LTKB
Attaché(e) commercial(e) services auprès des entreprises,https://candidat.pole-emploi.fr/offres/recherche/detail/153FYZB
Automaticien / Automaticienne de maintenance,https://candidat.pole-emploi.fr/offres/recherche/detail/153KDHK
Auxiliaire de puériculture,https://candidat.pole-emploi.fr/offres/recherche/detail/153QKMN
Auxiliaire de vie,https://candidat.pole-emploi.fr/offres/recherche/detail/153MMFP
Auxiliaire de vie,https://candidat.pole-emploi.fr/offres/recherche/detail/153JRFW
Auxiliaire de vie,https://candidat.pole-emploi.fr/offres/recherche/detail/153FQBS
Auxiliaire de vie,https://candidat.pole-emploi.fr/offres/recherche/detail/152YBZH
Auxiliaire de vie,https://candidat.pole-emploi.fr/offres/recherche/detail/152TKJQ
Auxiliaire de vie,https://candidat.pole-emploi.fr/offres/recherche/detail/153MDRB
Auxiliaire de vie,https://candidat.pole-emploi.fr/offres/recherche/detail/153SCFW
Bardeur / Bardeuse,https://candidat.pole-emploi.fr/offres/recherche/detail/153HPNH
Bardeur / Bardeuse,https://candidat.pole-emploi.fr/offres/recherche/detail/153CXTJ
Brodeur / Brodeuse,https://candidat.pole-emploi.fr/offres/recherche/detail/153PVBQ
Cariste,https://candidat.pole-emploi.fr/offres/recherche/detail/153RGCS
Cariste,https://candidat.pole-emploi.fr/offres/recherche/detail/153RGCN
Cariste en préparation logistique,https://candidat.pole-emploi.fr/offres/recherche/detail/153RGCY
Cariste en préparation logistique,https://candidat.pole-emploi.fr/offres/recherche/detail/153RGCM
Cariste réceptionnaire,https://candidat.pole-emploi.fr/offres/recherche/detail/153DMSJ
Carrossier / Carrossière,https://candidat.pole-emploi.fr/offres/recherche/detail/150PYFW
Carrossier-peintre / Carrossière-peintre,https://candidat.pole-emploi.fr/offres/recherche/detail/153LJCH
Carrossier-peintre / Carrossière-peintre,https://candidat.pole-emploi.fr/offres/recherche/detail/150PWGJ
Carrossier-peintre / Carrossière-peintre,https://candidat.pole-emploi.fr/offres/recherche/detail/153CNXV
Carrossier-tôlier / Carrossière-tôlière,https://candidat.pole-emploi.fr/offres/recherche/detail/153FXHN
Chargé / Chargée d'affaires BTP,https://candidat.pole-emploi.fr/offres/recherche/detail/153LLYF
Chargé / Chargée d'affaires BTP,https://candidat.pole-emploi.fr/offres/recherche/detail/153KHWR
Chargé / Chargée d'indemnisations en assurances,https://candidat.pole-emploi.fr/offres/recherche/detail/151ZNKZ
Chargé / Chargée d'indemnisations en assurances,https://candidat.pole-emploi.fr/offres/recherche/detail/151ZNHN
Chargé / Chargée de clientèle e-commerce,https://candidat.pole-emploi.fr/offres/recherche/detail/153WZXK
Chargé / Chargée de clientèle en immobilier locatif,https://candidat.pole-emploi.fr/offres/recherche/detail/153KZTZ
Chargé / Chargée de mission immobilière,https://candidat.pole-emploi.fr/offres/recherche/detail/153QSBJ
Chargé / Chargée de programme immobilier neuf,https://candidat.pole-emploi.fr/offres/recherche/detail/149QXHP
Chargé / Chargée de recherche en recrutement,https://candidat.pole-emploi.fr/offres/recherche/detail/153PTKK
Chargé / Chargée de recouvrement de créances,https://candidat.pole-emploi.fr/offres/recherche/detail/152WDCP
Chargé / Chargée de recrutement,https://candidat.pole-emploi.fr/offres/recherche/detail/153RGLW
Chargé / Chargée de veille documentaire,https://candidat.pole-emploi.fr/offres/recherche/detail/153MPKD
Chargé(e) d'affaires BTP en génie climatique et énergétique,https://candidat.pole-emploi.fr/offres/recherche/detail/152SGQY
Chargé/Chargée études Systèmes d'Information Géographique,https://candidat.pole-emploi.fr/offres/recherche/detail/153LSHY
Chauffeur(se)-livreur(se) préparateur(trice) de commande,https://candidat.pole-emploi.fr/offres/recherche/detail/153NMRG
Chef d'atelier automobile,https://candidat.pole-emploi.fr/offres/recherche/detail/150ZLZP
Chef d'équipe en métallurgie,https://candidat.pole-emploi.fr/offres/recherche/detail/149DZWQ
Chef de cuisine,https://candidat.pole-emploi.fr/offres/recherche/detail/153RHPT
Chef de groupe affrètement,https://candidat.pole-emploi.fr/offres/recherche/detail/152YKTR
Chef de projet en conception industrielle en mécanique,https://candidat.pole-emploi.fr/offres/recherche/detail/151LDGV
Chef de projet informatique,https://candidat.pole-emploi.fr/offres/recherche/detail/153GTCR
Chef de projet informatique,https://candidat.pole-emploi.fr/offres/recherche/detail/153FQFR
Chef de projet informatique,https://candidat.pole-emploi.fr/offres/recherche/detail/153MJMQ
Chef de projet recherche et développement en industrie,https://candidat.pole-emploi.fr/offres/recherche/detail/153FZGX
Chef de projet études industrielles,https://candidat.pole-emploi.fr/offres/recherche/detail/150LVQY
Chef de rayon jardinerie et animalerie,https://candidat.pole-emploi.fr/offres/recherche/detail/153LNTR
Chef de travaux BTP,https://candidat.pole-emploi.fr/offres/recherche/detail/151KNCY
Coiffeur / Coiffeuse,https://candidat.pole-emploi.fr/offres/recherche/detail/153KJXN
Coiffeur / Coiffeuse,https://candidat.pole-emploi.fr/offres/recherche/detail/152GGTF
Coiffeur / Coiffeuse,https://candidat.pole-emploi.fr/offres/recherche/detail/153QGGV
Coiffeur / Coiffeuse mixte,https://candidat.pole-emploi.fr/offres/recherche/detail/152HGPF
Coiffeur / Coiffeuse mixte,https://candidat.pole-emploi.fr/offres/recherche/detail/153RRBV
Collaborateur(trice) d'huissier chargé(e) de recouvrement,https://candidat.pole-emploi.fr/offres/recherche/detail/151YQLH
Commercial/Commerciale auprès d'une clientèle d'entreprises,https://candidat.pole-emploi.fr/offres/recherche/detail/153HGVM
Commis / Commise de cuisine,https://candidat.pole-emploi.fr/offres/recherche/detail/153KZFF
Comptable,https://candidat.pole-emploi.fr/offres/recherche/detail/152RHRM
Comptable de gestion locative,https://candidat.pole-emploi.fr/offres/recherche/detail/152GQCS
Comptable de gestion locative,https://candidat.pole-emploi.fr/offres/recherche/detail/152GPZF
Conducteur / Conductrice de machines d'impression,https://candidat.pole-emploi.fr/offres/recherche/detail/153DDQS
Conducteur / Conductrice de presses numériques d'imprimerie,https://candidat.pole-emploi.fr/offres/recherche/detail/153PVNB
Conducteur / Conductrice de travaux du bâtiment,https://candidat.pole-emploi.fr/offres/recherche/detail/153JCTC
Conducteur(trice) de ligne automatisée en industrie chimique,https://candidat.pole-emploi.fr/offres/recherche/detail/153PHFF
Conducteur(trice) ligne production/fabrication indus aliment,https://candidat.pole-emploi.fr/offres/recherche/detail/152KGXY
Conseiller / Conseillère de location en immobilier,https://candidat.pole-emploi.fr/offres/recherche/detail/153CFCB
Conseiller / Conseillère de location en immobilier,https://candidat.pole-emploi.fr/offres/recherche/detail/153CMTZ
Conseiller(ère) commercial(e) auprès des particuliers,https://candidat.pole-emploi.fr/offres/recherche/detail/153PSMY
Conseiller(ère) commercial(e) auprès des particuliers,https://candidat.pole-emploi.fr/offres/recherche/detail/153JHSW
Conseiller(ère) conjugal(e) et familial(e),https://candidat.pole-emploi.fr/offres/recherche/detail/152GDGH
Conseiller(ère)/consultant(e) en création d'entreprise,https://candidat.pole-emploi.fr/offres/recherche/detail/153BXBB
"Conseiller/Conseillère Incendie, Accidents, Risques Divers",https://candidat.pole-emploi.fr/offres/recherche/detail/152VDDY
Consultant / Consultante en formation,https://candidat.pole-emploi.fr/offres/recherche/detail/153BGTM
Consultant / Consultante en recrutement,https://candidat.pole-emploi.fr/offres/recherche/detail/153FZFB
Contrôleur / Contrôleuse de culture,https://candidat.pole-emploi.fr/offres/recherche/detail/151DVBH
Contrôleur / Contrôleuse de gestion budgétaire,https://candidat.pole-emploi.fr/offres/recherche/detail/151XBCX
Cuisinier / Cuisinière,https://candidat.pole-emploi.fr/offres/recherche/detail/153NCZP
Câbleur / Câbleuse d'armoires,https://candidat.pole-emploi.fr/offres/recherche/detail/153QGNQ
Câbleur électricien / Câbleuse électricienne en aéronautique,https://candidat.pole-emploi.fr/offres/recherche/detail/151YPXJ
Dessinateur / Dessinatrice d'études du BTP,https://candidat.pole-emploi.fr/offres/recherche/detail/153PZXP
Dessinateur(trice)-projeteur(se) en machines spéciales,https://candidat.pole-emploi.fr/offres/recherche/detail/150LSKH
Diagnostiqueur / Diagnostiqueuse bâtiment,https://candidat.pole-emploi.fr/offres/recherche/detail/153LSQG
Directeur / Directrice clientèle,https://candidat.pole-emploi.fr/offres/recherche/detail/147RLDN
Directeur / Directrice d'accueil de loisirs sans hébergement,https://candidat.pole-emploi.fr/offres/recherche/detail/153MNKT
Directeur / Directrice de grand magasin,https://candidat.pole-emploi.fr/offres/recherche/detail/153KGQY
Directeur/Directrice des services pénitentiaires -SPIP-,https://candidat.pole-emploi.fr/offres/recherche/detail/152RXZR
Diététicien / Diététicienne nutritionniste,https://candidat.pole-emploi.fr/offres/recherche/detail/152NXKW
Diététicien / Diététicienne nutritionniste,https://candidat.pole-emploi.fr/offres/recherche/detail/152HGXN
Diététicien / Diététicienne nutritionniste,https://candidat.pole-emploi.fr/offres/recherche/detail/150TKNK
Diététicien / Diététicienne nutritionniste,https://candidat.pole-emploi.fr/offres/recherche/detail/147WPGQ
Diététicien / Diététicienne nutritionniste,https://candidat.pole-emploi.fr/offres/recherche/detail/147QLSB
Diététicien / Diététicienne nutritionniste,https://candidat.pole-emploi.fr/offres/recherche/detail/147MHJW
Diététicien / Diététicienne nutritionniste,https://candidat.pole-emploi.fr/offres/recherche/detail/146LCVZ
Diététicien / Diététicienne nutritionniste,https://candidat.pole-emploi.fr/offres/recherche/detail/145QCXK
Développeur / Développeuse full-stack,https://candidat.pole-emploi.fr/offres/recherche/detail/153BGVT
Employé / Employée de ménage,https://candidat.pole-emploi.fr/offres/recherche/detail/153KTXV
Employé commercial / Employée commerciale sédentaire,https://candidat.pole-emploi.fr/offres/recherche/detail/153BRKR
Employé familial / Employée familiale auprès d'enfants,https://candidat.pole-emploi.fr/offres/recherche/detail/153HGJL
Employé familial / Employée familiale de maison,https://candidat.pole-emploi.fr/offres/recherche/detail/153KYKH
Encadrant(e) technique d'insertion socioprofessionnelle,https://candidat.pole-emploi.fr/offres/recherche/detail/153GHGN
Esthéticien / Esthéticienne,https://candidat.pole-emploi.fr/offres/recherche/detail/153BBRZ
Esthéticien / Esthéticienne,https://candidat.pole-emploi.fr/offres/recherche/detail/153LVWQ
Esthéticien-cosméticien / Esthéticienne-cosméticienne,https://candidat.pole-emploi.fr/offres/recherche/detail/151HHKX
Facteur / Factrice,https://candidat.pole-emploi.fr/offres/recherche/detail/153JTGP
Façadier-ravaleur / Façadière-ravaleuse,https://candidat.pole-emploi.fr/offres/recherche/detail/152NNDD
Façadier-ravaleur / Façadière-ravaleuse,https://candidat.pole-emploi.fr/offres/recherche/detail/153NSLM
Formateur / Formatrice d'adultes,https://candidat.pole-emploi.fr/offres/recherche/detail/151VXGD
Formateur / Formatrice informatique,https://candidat.pole-emploi.fr/offres/recherche/detail/152NKMX
Gestionnaire de copropriété,https://candidat.pole-emploi.fr/offres/recherche/detail/149QXBC
Imprimeur / Imprimeuse sérigraphe,https://candidat.pole-emploi.fr/offres/recherche/detail/153PVVS
Infirmier / Infirmière de service hospitalier,https://candidat.pole-emploi.fr/offres/recherche/detail/153LMDG
Infirmier / Infirmière en gériatrie,https://candidat.pole-emploi.fr/offres/recherche/detail/153MNDP
Infirmier général / Infirmière générale,https://candidat.pole-emploi.fr/offres/recherche/detail/152WSZK
Ingénieur / Ingénieure d'affaires en industrie,https://candidat.pole-emploi.fr/offres/recherche/detail/153KCGG
Ingénieur / Ingénieure d'intégration applicative,https://candidat.pole-emploi.fr/offres/recherche/detail/147TCFX
Ingénieur / Ingénieure d'étude informatique,https://candidat.pole-emploi.fr/offres/recherche/detail/153LCGG
Ingénieur / Ingénieure d'études en génie électrique,https://candidat.pole-emploi.fr/offres/recherche/detail/153KCDW
Ingénieur / Ingénieure d'études en recherche fondamentale,https://candidat.pole-emploi.fr/offres/recherche/detail/153LSXD
Ingénieur / Ingénieure de promotion des ventes,https://candidat.pole-emploi.fr/offres/recherche/detail/153CTWP
Ingénieur / Ingénieure en électronique de production,https://candidat.pole-emploi.fr/offres/recherche/detail/153PCLZ
Ingénieur / Ingénieure méthodes en industrie,https://candidat.pole-emploi.fr/offres/recherche/detail/153KCXR
Ingénieur / Ingénieure supply chain en industrie,https://candidat.pole-emploi.fr/offres/recherche/detail/152KRVZ
Ingénieur(e) de conception et développement en industrie,https://candidat.pole-emploi.fr/offres/recherche/detail/153HMDZ
Ingénieur(e) technico-commercial(e),https://candidat.pole-emploi.fr/offres/recherche/detail/153PDKL
Ingénieur/Ingénieure des travaux d'infrastructure et réseaux,https://candidat.pole-emploi.fr/offres/recherche/detail/148YPHJ
Manoeuvre bâtiment,https://candidat.pole-emploi.fr/offres/recherche/detail/152NQHC
Manutentionnaire en transport logistique,https://candidat.pole-emploi.fr/offres/recherche/detail/151ZNXK
Maçon / Maçonne,https://candidat.pole-emploi.fr/offres/recherche/detail/153LXJQ
Maçon / Maçonne,https://candidat.pole-emploi.fr/offres/recherche/detail/153JZQF
Maçon / Maçonne Voiries et Réseaux Divers -VRD-,https://candidat.pole-emploi.fr/offres/recherche/detail/153KGPP
Maçon-briqueteur / Maçonne-briqueteuse,https://candidat.pole-emploi.fr/offres/recherche/detail/153LNSN
Menuisier / Menuisière,https://candidat.pole-emploi.fr/offres/recherche/detail/147RRYV
Menuisier poseur / Menuisière poseuse de fermetures,https://candidat.pole-emploi.fr/offres/recherche/detail/153CWGG
Menuisier poseur / Menuisière poseuse de fermetures,https://candidat.pole-emploi.fr/offres/recherche/detail/153PGPG
Menuisier poseur / Menuisière poseuse de fermetures,https://candidat.pole-emploi.fr/offres/recherche/detail/153LHXW
Modeleur / Modeleuse sur machine-outil,https://candidat.pole-emploi.fr/offres/recherche/detail/152QGZT
Moniteur / Monitrice de tennis,https://candidat.pole-emploi.fr/offres/recherche/detail/153FLQB
Monteur / Monteuse en pneumatique,https://candidat.pole-emploi.fr/offres/recherche/detail/152SWZB
Monteur(se)-câbleur(se) de composants électroniques,https://candidat.pole-emploi.fr/offres/recherche/detail/153MPRV
Monteur-câbleur / Monteuse-câbleuse de matériels électriques,https://candidat.pole-emploi.fr/offres/recherche/detail/153LMYN
Mécanicien / Mécanicienne automobile,https://candidat.pole-emploi.fr/offres/recherche/detail/151RSQL
Mécanicien / Mécanicienne poids lourds,https://candidat.pole-emploi.fr/offres/recherche/detail/151CVPJ
Mécanicien monteur / Mécanicienne monteuse de fabrication,https://candidat.pole-emploi.fr/offres/recherche/detail/153MQWX
Mécanicien(ne) de maintenance de matériel ferroviaire,https://candidat.pole-emploi.fr/offres/recherche/detail/151VBQJ
Nettoyeur / Nettoyeuse de locaux,https://candidat.pole-emploi.fr/offres/recherche/detail/153JQDS
Opérateur / Opératrice en confection,https://candidat.pole-emploi.fr/offres/recherche/detail/153PZTF
Opérateur / Opératrice en confection,https://candidat.pole-emploi.fr/offres/recherche/detail/153PYQV
Ouvrier carreleur / Ouvrière carreleuse,https://candidat.pole-emploi.fr/offres/recherche/detail/153GRXS
Ouvrier carreleur / Ouvrière carreleuse,https://candidat.pole-emploi.fr/offres/recherche/detail/153RGCQ
Peintre en bâtiment,https://candidat.pole-emploi.fr/offres/recherche/detail/153LQLJ
Physicien médical / Physicienne médicale ERD en industrie,https://candidat.pole-emploi.fr/offres/recherche/detail/152JTTN
Pneumaticien / Pneumaticienne,https://candidat.pole-emploi.fr/offres/recherche/detail/153HGHG
Poinçonneur plieur / Poinçonneuse plieuse,https://candidat.pole-emploi.fr/offres/recherche/detail/152XQKL
Poseur / Poseuse de fermetures,https://candidat.pole-emploi.fr/offres/recherche/detail/153LJGV
Poseur / Poseuse de fermetures,https://candidat.pole-emploi.fr/offres/recherche/detail/153KKVN
Poseur / Poseuse en isolation thermique,https://candidat.pole-emploi.fr/offres/recherche/detail/149QCMF
Professeur / Professeure de guitare,https://candidat.pole-emploi.fr/offres/recherche/detail/153NLLK
"Professeur / Professeure de physique, chimie, biologie",https://candidat.pole-emploi.fr/offres/recherche/detail/153JRHS
Préparateur / Préparatrice de commandes,https://candidat.pole-emploi.fr/offres/recherche/detail/153DLVQ
Psychomotricien / Psychomotricienne,https://candidat.pole-emploi.fr/offres/recherche/detail/153LMGC
Responsable d'agence commerciale,https://candidat.pole-emploi.fr/offres/recherche/detail/153QSCQ
Responsable d'animation en centre de vacances,https://candidat.pole-emploi.fr/offres/recherche/detail/153LJMJ
Responsable de boutique,https://candidat.pole-emploi.fr/offres/recherche/detail/153SSNM
Responsable de centre d'appels,https://candidat.pole-emploi.fr/offres/recherche/detail/153QZLR
Responsable de la logistique approvisionnement,https://candidat.pole-emploi.fr/offres/recherche/detail/152DSMD
Responsable de service juridique,https://candidat.pole-emploi.fr/offres/recherche/detail/153SVVL
Responsable des développements informatiques,https://candidat.pole-emploi.fr/offres/recherche/detail/149ZGLF
Responsable des ventes comptes-clés,https://candidat.pole-emploi.fr/offres/recherche/detail/153CWRR
Responsable du développement commercial,https://candidat.pole-emploi.fr/offres/recherche/detail/153DZDY
Responsable développement / Business Developer,https://candidat.pole-emploi.fr/offres/recherche/detail/153PDTY
Responsable maintenance bâtiment,https://candidat.pole-emploi.fr/offres/recherche/detail/153MRVK
Responsable technico-commercial / technico-commerciale,https://candidat.pole-emploi.fr/offres/recherche/detail/151KSYP
Responsable unité opérationnelle d'exploitation réseau ferré,https://candidat.pole-emploi.fr/offres/recherche/detail/153NGXL
Régisseur / Régisseuse d'immeubles,https://candidat.pole-emploi.fr/offres/recherche/detail/153GXMG
Régisseur / Régisseuse d'immeubles,https://candidat.pole-emploi.fr/offres/recherche/detail/152TFWB
Régisseur / Régisseuse d'immeubles,https://candidat.pole-emploi.fr/offres/recherche/detail/152TFYJ
Régleur(se) metteur(se) au point équipements industriels,https://candidat.pole-emploi.fr/offres/recherche/detail/151YQJJ
Second / Seconde de cuisine,https://candidat.pole-emploi.fr/offres/recherche/detail/152RRYT
Secrétaire comptable,https://candidat.pole-emploi.fr/offres/recherche/detail/152PQCF
Secrétaire juridique,https://candidat.pole-emploi.fr/offres/recherche/detail/150MKRX
Serveur / Serveuse de restaurant,https://candidat.pole-emploi.fr/offres/recherche/detail/153LYMS
Sommelier-caviste / Sommelière-caviste,https://candidat.pole-emploi.fr/offres/recherche/detail/152WJMR
Soudeur / Soudeuse à l'arc semi-automatique,https://candidat.pole-emploi.fr/offres/recherche/detail/152KGWM
Soudeur / Soudeuse à la flamme,https://candidat.pole-emploi.fr/offres/recherche/detail/153NRVB
Surveillant / Surveillante de baignade,https://candidat.pole-emploi.fr/offres/recherche/detail/153PCTG
Technicien / Technicienne de maintenance industrielle,https://candidat.pole-emploi.fr/offres/recherche/detail/153HZXY
Technicien / Technicienne géomètre,https://candidat.pole-emploi.fr/offres/recherche/detail/153HMMN
Technicien(ne) de diagnostics techniques du bâtiment,https://candidat.pole-emploi.fr/offres/recherche/detail/153LXCK
Technicien(ne) de labo de contrôle en ind pharmaceutique,https://candidat.pole-emploi.fr/offres/recherche/detail/153PXMW
Technicien(ne) de maintenance d'équipements d'exploitation,https://candidat.pole-emploi.fr/offres/recherche/detail/153KFPL
Technicien(ne) de maintenance de portes automatiques,https://candidat.pole-emploi.fr/offres/recherche/detail/153LJNB
Technicien(ne) de maintenance de portes automatiques,https://candidat.pole-emploi.fr/offres/recherche/detail/153KGLC
Technicien(ne) de maintenance de système de filtration d'air,https://candidat.pole-emploi.fr/offres/recherche/detail/153LZDX
Technicien(ne) de maintenance de véhicules industriels,https://candidat.pole-emploi.fr/offres/recherche/detail/153HWDD
Technicien(ne) électricien(ne) électronicien(ne) automobile,https://candidat.pole-emploi.fr/offres/recherche/detail/151RTNF
Technicien/Technicienne Service Après-Vente en informatique,https://candidat.pole-emploi.fr/offres/recherche/detail/153NPTJ
Technicien/Technicienne Service Après-Vente en informatique,https://candidat.pole-emploi.fr/offres/recherche/detail/152XRTQ
Technico-commercial / Technico-commerciale,https://candidat.pole-emploi.fr/offres/recherche/detail/153MXGK
Testeur / Testeuse informatique,https://candidat.pole-emploi.fr/offres/recherche/detail/152PFMR
Tourneur / Tourneuse sur Commande Numérique -CN-,https://candidat.pole-emploi.fr/offres/recherche/detail/150RZCZ
Tuyauteur / Tuyauteuse,https://candidat.pole-emploi.fr/offres/recherche/detail/153KNHS
Téléprospecteur / Téléprospectrice,https://candidat.pole-emploi.fr/offres/recherche/detail/153SXBS
Vendeur / Vendeuse en cigarettes électroniques,https://candidat.pole-emploi.fr/offres/recherche/detail/153HHPK
Vendeur / Vendeuse en cigarettes électroniques,https://candidat.pole-emploi.fr/offres/recherche/detail/153HHLG
"Vendeur / Vendeuse en matériel médical, paramédical",https://candidat.pole-emploi.fr/offres/recherche/detail/153HWZQ
"Vendeur / Vendeuse en revêtement de mur, sol",https://candidat.pole-emploi.fr/offres/recherche/detail/152TXND
Ébéniste,https://candidat.pole-emploi.fr/offres/recherche/detail/152MQKG
Économiste de la construction,https://candidat.pole-emploi.fr/offres/recherche/detail/151ZGFY
Éducateur / Éducatrice de jeunes enfants,https://candidat.pole-emploi.fr/offres/recherche/detail/153QKDD
Électricien / Électricienne d'équipements industriels,https://candidat.pole-emploi.fr/offres/recherche/detail/153RGCP
Électricien / Électricienne d'équipements industriels,https://candidat.pole-emploi.fr/offres/recherche/detail/153KBPC
Électricien / Électricienne d'équipements industriels,https://candidat.pole-emploi.fr/offres/recherche/detail/153MSWX
Électricien / Électricienne de chantier,https://candidat.pole-emploi.fr/offres/recherche/detail/153LLPL
Électricien / Électricienne de chantier,https://candidat.pole-emploi.fr/offres/recherche/detail/153LLRY
Électricien / Électricienne de maintenance,https://candidat.pole-emploi.fr/offres/recherche/detail/152TFBT
Électromécanicien(ne) de maintenance en automatisme,https://candidat.pole-emploi.fr/offres/recherche/detail/153NPLQ
Électromécanicien(ne) de maintenance industrielle,https://candidat.pole-emploi.fr/offres/recherche/detail/152KHQS
Électrotechnicien / Électrotechnicienne de maintenance,https://candidat.pole-emploi.fr/offres/recherche/detail/153MRVD
Électrotechnicien / Électrotechnicienne de maintenance,https://candidat.pole-emploi.fr/offres/recherche/detail/153MGCT
